<?xml version="1.0" encoding="UTF-8"?>
<LightningComponentBundle xmlns="http://soap.sforce.com/2006/04/metadata" fqn="formPageLWC">
    <apiVersion>46.0</apiVersion>
    <isExposed>true</isExposed>
    <targets>
        <target>lightningCommunity__Page</target>
        <target>lightningCommunity__Default</target>
        <target>lightning__AppPage</target>
        <target>lightning__RecordPage</target>
        <target>lightning__HomePage</target>
    </targets>   
    <targetConfigs>
        <targetConfig targets="lightning__RecordPage">
            <property name="recordId" type="String" />
        </targetConfig>
        <targetConfig targets="lightningCommunity__Default">
            <property name="recordId" type="String" ></property>
        </targetConfig>
    </targetConfigs>
</LightningComponentBundle>